YEAR,MONTH,PU_BOROUGH,AVG_TOTAL,AVG_TIP_PCT
2015,1,Bronx,12.835637366739952,0.032183847803277425
2015,1,Brooklyn,15.647887925477457,0.1252331598222569
2015,1,EWR,67.7887962962963,0.8358192049889416
2015,1,Manhattan,13.742298272282927,0.14523413574040764
2015,1,N/A,35.200606413994166,1.621595578866528
2015,1,Queens,29.64048819952342,0.12532789968834707
2015,1,Staten Island,29.893790087463557,4.565783804042796
2015,1,Unknown,14.731709280965712,0.13429212412419878
2015,2,Bronx,12.91536216199502,0.027100776146115866
2015,2,Brooklyn,16.121783729688126,0.12902545787343908
2015,2,EWR,67.17386046511628,0.40829496492889494
2015,2,Manhattan,13.95773276637586,0.13992795149927023
2015,2,N/A,34.851273382529605,2.2871747733592005
2015,2,Queens,29.262766018804953,0.1194381343199513
2015,2,Staten Island,26.645972972972977,0.12167785261612857
2015,2,Unknown,15.219255100536715,0.16179785316197925
2015,3,Bronx,13.099248268904796,0.028205724214809852
2015,3,Brooklyn,16.275779097835066,0.12848377607866718
2015,3,EWR,73.19333333333333,0.7717199948313879
2015,3,Manhattan,14.211768021268929,0.13493250739125265
2015,3,N/A,41.75602631578948,5.730209694885735
2015,3,Queens,30.804024074625673,0.12952770751206938
2015,3,Staten Island,26.04803059273423,0.259416213925851
2015,3,Unknown,15.534622078631545,0.13650910831659682
2015,4,Bronx,13.582185446852671,0.033172889555609805
2015,4,Brooklyn,16.559737533109097,0.1292683713755408
2015,4,EWR,70.4483769633508,0.7804597194937752
2015,4,Manhattan,14.382205361795844,0.1354587552263613
2015,4,N/A,45.724361117745396,1.8659474228985191
2015,4,Queens,31.180971726594123,0.10753854799828434
2015,4,Staten Island,27.558419540229885,0.18925052509891552
2015,4,Unknown,15.654054822117654,0.14093348449098786
2015,5,Bronx,13.764736636723953,0.03506181823581546
2015,5,Brooklyn,17.01608236260336,0.13188648439229395
2015,5,EWR,76.26232067510547,0.7666143731967192
2015,5,Manhattan,14.641634073975883,0.13458012445266718
2015,5,N/A,40.23127604646874,0.6953546687598521
2015,5,Queens,31.617553278675246,0.11203079161755768
2015,5,Staten Island,23.063628808864266,0.22342292748152867
2015,5,Unknown,16.18840615948043,0.15201994598570925
2015,6,Bronx,13.856715627906167,0.04133443523074226
2015,6,Brooklyn,16.656330431731703,0.12771050081612942
2015,6,EWR,75.29367965367967,1.162128759279168
2015,6,Manhattan,14.551669810081435,0.13485462425695247
2015,6,N/A,35.94772720113404,0.4608223459951455
2015,6,Queens,31.83938362847031,0.10673450933730984
2015,6,Staten Island,25.625972696245732,0.10993478463043668
2015,6,Unknown,16.048349078885213,0.15068723651627255
2015,7,Bronx,14.100151805580976,0.04034602071255278
2015,7,Brooklyn,16.629221457262872,0.12718288920015774
2015,7,EWR,69.44859649122807,0.9883360826966184
2015,7,Manhattan,14.328422862637646,0.13368959284272508
2015,7,N/A,45.432779874213836,0.622152693251872
2015,7,Queens,31.220872356212876,0.1311004244805838
2015,7,Staten Island,28.022078853046594,0.1751722909702347
2015,7,Unknown,15.803498511042541,0.18794353448531317
2015,8,Bronx,14.344917842684533,0.04300481818899901
2015,8,Brooklyn,16.408429937051295,0.1242464068393979
2015,8,EWR,77.62633165829145,0.4759660529977674
2015,8,Manhattan,14.227352536609818,0.13207334498271153
2015,8,N/A,46.76405702328015,0.31184894165904903
2015,8,Queens,31.66621520726746,0.14843794994987838
2015,8,Staten Island,33.82172757475083,0.2471870379978737
2015,8,Unknown,15.861697129973624,0.13070157071461777
2015,9,Bronx,14.251995184427388,0.04628925294615394
2015,9,Brooklyn,16.48213537411854,0.12589528920821969
2015,9,EWR,64.99630331753553,0.8771570015854219
2015,9,Manhattan,14.514978984768174,0.13404587650912428
2015,9,N/A,48.11304347826088,0.289707922776057
2015,9,Queens,32.66378041504409,0.11312241661687913
2015,9,Staten Island,37.0389024390244,0.39249711760049016
2015,9,Unknown,16.253622795212976,0.1343774050010853
2015,10,Bronx,14.129363971322666,0.05226163709064087
2015,10,Brooklyn,16.383018363935875,0.13491350439058822
2015,10,EWR,78.18139917695471,0.7684310268477189
2015,10,Manhattan,14.628196096407532,0.13796530481609565
2015,10,N/A,45.89619941491955,0.35734467494395006
2015,10,Queens,32.84149107361489,0.11031481673196046
2015,10,Staten Island,26.101913875598083,0.4906045156808495
2015,10,Unknown,16.40597812872171,0.13590735733729298
2015,11,Bronx,13.805114537124574,0.043659585425162975
2015,11,Brooklyn,16.248941053283197,0.1336989277523308
2015,11,EWR,80.52694980694979,1.0825272439315932
2015,11,Manhattan,14.478095464647861,0.13837571829267115
2015,11,N/A,42.207677165354326,4.691614001327139
2015,11,Queens,32.218376452675,0.13745566947794263
2015,11,Staten Island,35.755840336134455,0.2789600811539951
2015,11,Unknown,16.105978171256073,0.13752112690445908
2015,12,Bronx,14.017021670101945,0.04441916881525508
2015,12,Brooklyn,16.194869643887277,0.13389873325751897
2015,12,EWR,73.38977859778596,30.82642947894834
2015,12,Manhattan,14.505509805582296,0.13883536156088547
2015,12,N/A,46.37823984526112,1.5526549449518978
2015,12,Queens,31.088870964489157,0.12479387127981638
2015,12,Staten Island,50.48979381443299,0.29474058101570355
2015,12,Unknown,16.078338181980932,0.13610791922621043
2016,1,Bronx,13.909988677804547,0.045249809855939835
2016,1,Brooklyn,15.823259399789322,0.14225848243149503
2016,1,EWR,73.58928961748634,0.5918358448845781
2016,1,Manhattan,13.814959095956457,0.14564404866707906
2016,1,N/A,41.66647883858268,0.316363803719774
2016,1,Queens,31.602098099272208,0.140941922027052
2016,1,Staten Island,34.563203342618394,0.7032383574708052
2016,1,Unknown,15.593503757422553,0.14424944347532317
2016,2,Bronx,13.60628805816651,0.0404538749270807
2016,2,Brooklyn,15.71690809052575,0.13722492881564544
2016,2,EWR,77.74646706586826,0.43673343662175995
2016,2,Manhattan,13.911385258137207,0.14646214853702036
2016,2,N/A,39.64215992198927,0.377137975537548
2016,2,Queens,30.95658419511284,0.11694083367214575
2016,2,Staten Island,23.861702997275206,0.20611916369097572
2016,2,Unknown,15.469277422681651,0.21348883223866982
2016,3,Bronx,13.567728035282823,0.04378850880586744
2016,3,Brooklyn,16.056205328143225,0.13728315281402953
2016,3,EWR,72.91054166666666,1.1194639550079573
2016,3,Manhattan,14.20676573276367,0.14256401550286052
2016,3,N/A,46.195935643564354,4.0362967123231615
2016,3,Queens,32.065448189998406,0.18216815472558612
2016,3,Staten Island,24.291815856777493,0.24056023269883317
2016,3,Unknown,15.904569127375456,0.21457121095353285
2016,4,Bronx,14.278366462617786,0.044520079202743944
2016,4,Brooklyn,16.294281368155463,0.1446041734551793
2016,4,EWR,80.70687804878048,0.36326036775710224
2016,4,Manhattan,14.451720949239784,0.1456708642837735
2016,4,N/A,45.40637339055794,0.38895220587793505
2016,4,Queens,31.852247138429217,0.16902392748362471
2016,4,Staten Island,22.151501182033098,0.1836756092243645
2016,4,Unknown,16.12993901327247,0.1465245158816681
2016,5,Bronx,14.571538853472996,0.04597002462646438
2016,5,Brooklyn,16.661228909691037,0.14871067922269363
2016,5,EWR,76.48677966101694,0.7248664118011551
2016,5,Manhattan,14.729395454312858,0.14206322871490198
2016,5,N/A,47.68041791860148,5.32872889943608
2016,5,Queens,32.943793047220915,0.13491782585199433
2016,5,Staten Island,23.866992399565685,0.2387535812101583
2016,5,Unknown,16.636322572627453,0.15511969970192085
2016,6,Bronx,14.80054687188749,0.045392710608703084
2016,6,Brooklyn,16.617792709375482,0.1381032302399229
2016,6,EWR,72.81730769230768,1.5937440358750536
2016,6,Manhattan,14.771522203336081,0.15026044815816805
2016,6,N/A,48.21496925656792,0.3984026622912592
2016,6,Queens,33.09118676046238,0.16474509063762957
2016,6,Staten Island,28.71439135381115,0.1494930856598503
2016,6,Unknown,16.60050193140766,0.1550285899327114
2016,7,Bronx,15.089497400089138,0.052660841350931235
2016,7,Brooklyn,16.491618348211222,0.13185333036190408
2016,7,EWR,79.13386363636363,1.026448670607014
2016,7,Manhattan,14.499933658174914,0.1403726234385357
2016,7,N/A,48.45922336328626,1.3793921352055196
2016,7,Queens,32.52933094357512,0.12528290039010712
2016,7,Staten Island,31.273128621089224,0.17391541050744574
2016,7,Unknown,16.198960590334092,0.13755265371154546
2016,8,Bronx,15.12451422525665,0.04868657365469468
2016,8,Brooklyn,16.416710402716514,0.14180466226205596
2016,8,EWR,72.73321782178218,0.5857224089479319
2016,8,Manhattan,14.35549173662422,0.14160807450939608
2016,8,N/A,47.167878583473865,2.5185837950320575
2016,8,Queens,33.17006204258306,0.12144102188342344
2016,8,Staten Island,21.763416886543535,0.12233596664803921
2016,8,Unknown,16.17487217859639,0.1381082146429973
2016,9,Bronx,15.200394308391562,0.04714337024693954
2016,9,Brooklyn,16.5351367136874,0.1259960219436801
2016,9,EWR,79.92330434782609,0.49132093506492375
2016,9,Manhattan,14.894904190777696,0.13874925712584008
2016,9,N/A,44.51394094606809,8.646831831759764
2016,9,Queens,34.361698326077764,0.12430204202197628
2016,9,Staten Island,23.354348441926344,0.1396544318436239
2016,9,Unknown,21.969024368356212,0.14191432834781167
2016,10,Bronx,14.879159221118949,0.04630243659094962
2016,10,Brooklyn,16.276861859855426,0.1290493079588395
2016,10,EWR,80.16543726235741,1.1305734802856575
2016,10,Manhattan,14.679785828651955,0.14131760915578598
2016,10,N/A,51.08261093911248,6.41435072682898
2016,10,Queens,33.538020139766104,0.16237976891112357
2016,10,Staten Island,29.005412186379928,0.2631402578251679
2016,10,Unknown,16.43735602812916,0.14032581485599677
2016,11,Bronx,14.449180193996852,0.045416581290019256
2016,11,Brooklyn,15.898328752694896,0.12818540313118837
2016,11,EWR,83.56166666666665,1.4419841340033135
2016,11,Manhattan,14.677206716044408,0.1402775958506283
2016,11,N/A,51.80602913709376,2.911357200076766
2016,11,Queens,33.695893934731124,0.14361316109626898
2016,11,Staten Island,25.682331511839706,0.11967003087654315
2016,11,Unknown,16.397862708325963,0.14000635531588917
2016,12,Bronx,14.099525425564561,0.042197544076470896
2016,12,Brooklyn,15.581017448825458,0.12824945143305796
2016,12,EWR,84.23144444444443,0.35485324529612194
2016,12,Manhattan,14.501001412063815,0.14378770949097935
2016,12,N/A,54.42894560357674,0.760876717417793
2016,12,Queens,31.58213482285052,0.1375039330664682
2016,12,Staten Island,26.784417391304345,0.1097730425217236
2016,12,Unknown,16.35786733365386,0.19923988568095038
2017,1,Bronx,13.875858279734002,0.045998083385280615
2017,1,Brooklyn,15.160314696883587,0.13204135700203187
2017,1,EWR,68.05879807692307,0.6939434145957493
2017,1,Manhattan,13.572435488491358,0.1496710754655373
2017,1,N/A,50.94734441805226,0.5095912414912895
2017,1,Queens,32.76009251647215,0.14273372181971572
2017,1,Staten Island,25.62845857418112,0.15525887931576038
2017,1,Unknown,15.29945301240008,0.1455390769680804
2017,2,Bronx,13.820415421135923,0.04656263682214481
2017,2,Brooklyn,15.397646041824622,0.13184098574662917
2017,2,EWR,79.90363095238096,0.2335616351666485
2017,2,Manhattan,13.966704491131047,0.14867338499275423
2017,2,N/A,54.29380562659846,0.6272319164667238
2017,2,Queens,31.98282859970272,0.1262419638038485
2017,2,Staten Island,41.88098039215687,0.1340203675072359
2017,2,Unknown,15.432199173875551,0.14795720744906576
2017,3,Bronx,14.053417357526023,0.04049494808055787
2017,3,Brooklyn,15.37323210062063,0.12805479140286005
2017,3,EWR,75.36971830985915,0.23418682778569866
2017,3,Manhattan,14.319495327097002,0.14744911399984054
2017,3,N/A,54.81485108303249,0.6796743214060645
2017,3,Queens,33.203763646407396,0.13482476055408327
2017,3,Staten Island,27.708180039138945,0.29838885132255755
2017,3,Unknown,16.113648333004083,0.1624150298553502
2017,4,Bronx,14.735662264739522,0.046086496694508344
2017,4,Brooklyn,15.634790504082188,0.13007249362958473
2017,4,EWR,77.63053191489362,0.292096015525591
2017,4,Manhattan,14.298394035906917,0.14396368759802664
2017,4,N/A,56.274885803851326,0.6147356830561322
2017,4,Queens,34.25676440521218,0.12679375884051833
2017,4,Staten Island,24.229615952732644,0.10667330414442748
2017,4,Unknown,16.130943616666162,0.19143853859252313
2017,5,Bronx,15.012459837218222,0.441224682420288
2017,5,Brooklyn,16.082975485478343,0.13770169792119594
2017,5,EWR,82.67288617886179,1.2388506441721858
2017,5,Manhattan,14.633263875709739,0.15028068605642478
2017,5,N/A,54.889097252507625,9.716296610958516
2017,5,Queens,35.031661289777716,0.1374185540502069
2017,5,Staten Island,28.14290220820189,0.16629930862614364
2017,5,Unknown,16.60080843159425,0.14408848571618743
2017,6,Bronx,15.493389145117927,0.05493510791792963
2017,6,Brooklyn,16.161564920144997,0.12792442064373483
2017,6,EWR,78.96584905660377,0.844104792514047
2017,6,Manhattan,14.549601499240204,0.14742408099886894
2017,6,N/A,57.20332255083179,0.5667673087810137
2017,6,Queens,34.945497637447765,0.12094641756463977
2017,6,Staten Island,31.70017391304348,0.13330468504809212
2017,6,Unknown,16.578188405227625,0.14422409994363664
2017,7,Bronx,16.170236586599852,0.06293143509888847
2017,7,Brooklyn,16.001034024092764,0.12605264417396922
2017,7,EWR,68.52542600896861,0.3538253187252613
2017,7,Manhattan,14.234710147536541,0.14161883501209782
2017,7,N/A,55.56863076923077,0.6290290866685215
2017,7,Queens,34.28847887992407,0.14587051446950505
2017,7,Staten Island,27.801223628691986,0.08181271198491658
2017,7,Unknown,16.371681413386955,0.14077470226533317
2017,8,Bronx,16.37754398590466,0.05276205893923945
2017,8,Brooklyn,16.03738450947169,0.12132601270041432
2017,8,EWR,81.48891719745224,0.2370710696608841
2017,8,Manhattan,14.189951677926464,0.14550243195231283
2017,8,N/A,53.72178370066632,0.6442627439069494
2017,8,Queens,35.210061867491085,0.11544124928656531
2017,8,Staten Island,32.09043209876543,0.06667793446009171
2017,8,Unknown,18.302004281865585,0.16326256284845483
2017,9,Bronx,16.418536622161877,0.22231525303825062
2017,9,Brooklyn,16.385814350932815,0.12068763833886642
2017,9,EWR,80.27178571428571,0.43718076605441775
2017,9,Manhattan,14.498705932532696,0.14674085638202874
2017,9,N/A,55.290535267633814,0.444012023453611
2017,9,Queens,35.65740720180334,0.11809945806257234
2017,9,Staten Island,36.962383720930234,0.41513577944744856
2017,9,Unknown,16.728208489678867,0.14382858020922623
2017,10,Bronx,16.671409301772332,0.04392923395857622
2017,10,Brooklyn,16.337204977266637,0.12147203606050748
2017,10,EWR,86.18718592964822,0.555415960017418
2017,10,Manhattan,14.568239815247066,0.1494058780182137
2017,10,N/A,57.806162732295334,0.5274761258866795
2017,10,Queens,35.996035369561284,0.13877528951305976
2017,10,Staten Island,41.85608108108107,0.15071747816871925
2017,10,Unknown,16.456249093831754,0.14612336509532947
2017,11,Bronx,15.631386406577134,0.04096149953714584
2017,11,Brooklyn,16.058384548726007,0.12071927166270305
2017,11,EWR,82.75305418719212,0.20191674736699125
2017,11,Manhattan,14.39270423240677,0.14539820037580337
2017,11,N/A,59.0596876742889,1.7574855471668496
2017,11,Queens,35.51238081073307,0.13768686073276787
2017,11,Staten Island,26.746113207547175,0.0816301772544316
2017,11,Unknown,16.16881165594689,0.14591365007904367
2017,12,Bronx,15.641472046268245,0.034754558002154615
2017,12,Brooklyn,15.963302293440545,0.13102973156062175
2017,12,EWR,94.07628440366973,0.5711592459418173
2017,12,Manhattan,14.329794828481571,0.1453537847708063
2017,12,N/A,58.982399150743106,0.4296763910912949
2017,12,Queens,33.800081911550926,0.14142010779891415
2017,12,Staten Island,29.737333333333336,0.050363590025242606
2017,12,Unknown,15.852619227674495,0.14293398796029513
2018,1,Bronx,15.565072965137524,0.03390173057349498
2018,1,Brooklyn,15.763560390351769,0.12081416547574167
2018,1,EWR,77.24880503144655,0.8885305996604708
2018,1,Manhattan,13.499613148854733,0.15495694790640724
2018,1,N/A,56.951192052980126,7.408931578494614
2018,1,Queens,34.784935207027026,0.12912266043254395
2018,1,Staten Island,27.836839080459775,0.068313518142507
2018,1,Unknown,15.29904525337689,0.15089910931109018
2018,2,Bronx,15.938796414538311,0.03300671686252131
2018,2,Brooklyn,15.898816229075452,0.11882691563367208
2018,2,EWR,84.52863945578233,0.6002331087725064
2018,2,Manhattan,13.623025319167109,0.15263636677095704
2018,2,N/A,52.75229233741146,0.5976549645674422
2018,2,Queens,34.473137184545564,0.14091136599618242
2018,2,Staten Island,30.372891566265064,0.05114117186160508
2018,2,Unknown,15.135559018186683,0.15255676349432207
2018,3,Bronx,18.703002923199577,0.45095050621433697
2018,3,Brooklyn,16.817616539926878,0.13373003990105453
2018,3,EWR,83.93366013071895,0.5529068680295215
2018,3,Manhattan,13.971773779031178,0.15301193428290064
2018,3,N/A,58.236259418729816,2.8814325556473714
2018,3,Queens,35.59067659235064,0.14498465253882611
2018,3,Staten Island,40.382487309644674,0.0666407398223769
2018,3,Unknown,15.752017538598912,0.20266864004615393
2018,4,Bronx,20.63268097067366,0.030732887003136165
2018,4,Brooklyn,17.464803940094804,0.11359020393203315
2018,4,EWR,85.12293413173651,0.6721854227164307
2018,4,Manhattan,14.14571269348215,0.14795322424855792
2018,4,N/A,57.72392281105991,0.3285851604393198
2018,4,Queens,36.92615202147,0.1256875687044193
2018,4,Staten Island,49.09061611374407,0.0671451747285142
2018,4,Unknown,16.077957930560082,0.14956604203498836
2018,5,Bronx,21.88664232049785,0.029504451426458248
2018,5,Brooklyn,18.20410093542425,0.10852285619553155
2018,5,EWR,86.61824644549763,0.8334339338336775
2018,5,Manhattan,14.564738091029424,0.14813697220461178
2018,5,N/A,57.817552693208434,8.292178370080702
2018,5,Queens,37.19638730575555,0.14995131504675607
2018,5,Staten Island,50.41610091743119,0.10180513656988933
2018,5,Unknown,16.752535365926892,0.2037621420630198
2018,6,Bronx,22.04640782540522,0.025904382176484067
2018,6,Brooklyn,18.25816237872141,0.10880940547827654
2018,6,EWR,90.81306010928962,0.9640897980479682
2018,6,Manhattan,14.462054256238154,0.14911603208347998
2018,6,N/A,55.55655334114889,0.24982803560147665
2018,6,Queens,37.106094080622945,0.13143292689504288
2018,6,Staten Island,52.271843317972355,0.12762864066352106
2018,6,Unknown,16.329925741710298,0.14930225437086372
2018,7,Bronx,22.106605671124843,0.031354445799464385
2018,7,Brooklyn,18.279172179741924,0.10728898541011125
2018,7,EWR,85.29897727272727,0.3341488698545599
2018,7,Manhattan,14.282283159464306,0.14400888913853882
2018,7,N/A,52.448059159315,5.504693663936241
2018,7,Queens,36.339846609560865,0.15495586950703497
2018,7,Staten Island,54.02251824817519,0.06201627537989528
2018,7,Unknown,16.086906504757042,0.14515520617993954
2018,8,Bronx,23.254061830311386,0.027677842767183342
2018,8,Brooklyn,18.992691376049372,0.10082760500133961
2018,8,EWR,89.9757857142857,0.5074787985093528
2018,8,Manhattan,14.229593861097353,0.14561902255645953
2018,8,N/A,51.309016949152536,0.4347627014298827
2018,8,Queens,37.7613652809341,0.11496323968067587
2018,8,Staten Island,57.760354223433254,0.021152288648060184
2018,8,Unknown,16.19479106539128,0.14699220770499988
2018,9,Bronx,24.641235707844906,0.025659112631456656
2018,9,Brooklyn,19.439030146351094,0.10345439958469504
2018,9,EWR,80.43931937172775,0.5195039842721125
2018,9,Manhattan,14.606778539138807,0.15154707962996422
2018,9,N/A,51.93421772151899,0.2640463722246543
2018,9,Queens,37.73548291383048,0.12028569673826565
2018,9,Staten Island,58.8312108559499,0.15509435748006095
2018,9,Unknown,16.42036491561011,0.20843760764987806
2018,10,Bronx,25.58881157213552,0.025379513523507428
2018,10,Brooklyn,20.295829683356953,0.09966485278109131
2018,10,EWR,87.00396694214878,0.9700295498931765
2018,10,Manhattan,14.727455375575888,0.15039201650102685
2018,10,N/A,49.53353700516351,4.94901135927697
2018,10,Queens,38.29363623039911,0.12282980160142831
2018,10,Staten Island,53.832632508833925,0.040797377513451444
2018,10,Unknown,16.464682845213066,0.14991517049683023
2018,11,Bronx,25.710918662427503,0.024189743614477108
2018,11,Brooklyn,20.264551513857786,0.09742000800388807
2018,11,EWR,87.7542,0.1971920524501072
2018,11,Manhattan,14.631664007291855,0.14776267244758295
2018,11,N/A,47.77722478024278,0.791163661035545
2018,11,Queens,37.623216972627844,0.14030161229591834
2018,11,Staten Island,56.78204339963834,0.03557618871502322
2018,11,Unknown,16.27085792463535,0.1587786730024889
2018,12,Bronx,27.030403747364254,0.021654178947950273
2018,12,Brooklyn,20.65377157383044,0.09263077458990226
2018,12,EWR,85.2692270531401,0.14458269686056802
2018,12,Manhattan,14.489282980622882,0.1512545752234387
2018,12,N/A,45.74322365495777,5.02063164740652
2018,12,Queens,36.285696535520465,0.15520382772402522
2018,12,Staten Island,53.319136690647476,0.03526359212637
2018,12,Unknown,16.042432064224144,0.18774616887111717
2019,1,Bronx,27.01274718867139,0.010757490879611444
2019,1,Brooklyn,21.026133059162053,0.0838501759203842
2019,1,EWR,87.31832,0.3510769059218602
2019,1,Manhattan,13.588180890380677,0.15612203434668728
2019,1,N/A,40.60458860759494,0.20393679084857683
2019,1,Queens,37.03568876747689,0.12148030029955127
2019,1,Staten Island,57.78310452418097,0.021201067035251906
2019,1,Unknown,14.897892185876442,0.15620396363769315
2019,2,Bronx,27.477374230375453,0.01046706015910865
2019,2,Brooklyn,21.907362824869914,0.08392907061736718
2019,2,EWR,88.90120567375887,0.13433920868710925
2019,2,Manhattan,16.500704146060137,0.19081749791924493
2019,2,N/A,47.90786740331492,15.209061694395766
2019,2,Queens,39.86529059618374,0.22557852802050804
2019,2,Staten Island,58.99624813153961,0.021578749416951065
2019,2,Unknown,16.41614354911094,0.16478298537951316
2019,3,Bronx,26.65208315604723,0.011021253904402067
2019,3,Brooklyn,21.576781914893616,0.08852880374914757
2019,3,EWR,94.28256250000001,0.14784999712139954
2019,3,Manhattan,16.88484977231142,0.18947670194759605
2019,3,N/A,56.243842841765336,0.4266404547280691
2019,3,Queens,39.616305912086744,0.13752550183220194
2019,3,Staten Island,61.726339285714275,0.021202127096322958
2019,3,Unknown,17.58005620837399,0.17061285929655035
2019,4,Bronx,27.63084670743656,0.016475774611300703
2019,4,Brooklyn,21.536735386388372,0.09772203498549041
2019,4,EWR,90.31520618556702,0.9064101924644584
2019,4,Manhattan,17.060493131380227,0.1869562614141452
2019,4,N/A,45.12315769377624,4.358188381683206
2019,4,Queens,40.10686737239054,0.1453024977503679
2019,4,Staten Island,57.96834343434343,0.14992433498646565
2019,4,Unknown,18.3952096419598,0.1780400538867925
2019,5,Bronx,26.702596142741655,0.01788962462891116
2019,5,Brooklyn,21.34919626137986,0.10081581760861968
2019,5,EWR,94.09295238095237,40.57877996859605
2019,5,Manhattan,17.304398767222843,0.18678258844861265
2019,5,N/A,48.39288726682887,0.2592480378872305
2019,5,Queens,40.31798810542954,0.12185267056951081
2019,5,Staten Island,59.795503597122305,0.056548916560662146
2019,5,Unknown,18.472845160856558,0.17749645486749038
2019,6,Bronx,24.94063276714685,0.021189247887818844
2019,6,Brooklyn,20.72155682357699,0.09971104210116684
2019,6,EWR,91.74400943396226,0.602098861264833
2019,6,Manhattan,17.357713413395704,0.18868831056683513
2019,6,N/A,49.44914811643836,1.1481236473812662
2019,6,Queens,40.03038752158894,0.12145859908521883
2019,6,Staten Island,60.04302103250478,0.04396447709445852
2019,6,Unknown,18.553190531155977,0.17360290355621807
2019,7,Bronx,24.965090418415826,0.01967525893209889
2019,7,Brooklyn,20.60315575756062,0.09472606254276905
2019,7,EWR,98.83814371257486,0.13421474025142666
2019,7,Manhattan,17.064787734829228,0.1825144856684751
2019,7,N/A,52.30331008833101,0.30698650853916754
2019,7,Queens,39.89682552168977,0.14041182941510008
2019,7,Staten Island,64.43347912524852,0.03617448496501606
2019,7,Unknown,18.55980237964989,0.1711225090896093
2019,8,Bronx,24.997337069770786,0.0176097198372954
2019,8,Brooklyn,20.840702904067868,0.09395155601054998
2019,8,EWR,88.32574585635358,0.2759974330258906
2019,8,Manhattan,16.996800541149295,0.19001446932649535
2019,8,N/A,60.57385404789054,0.25056190436620207
2019,8,Queens,40.597483030685,0.12079661017156787
2019,8,Staten Island,65.37319057815846,0.1985978040703386
2019,8,Unknown,19.669922327972866,0.17207386919624967
2019,9,Bronx,25.67415066253447,0.019717715850749436
2019,9,Brooklyn,21.096987236705754,0.09834910680580412
2019,9,EWR,91.08941176470589,1.0362479958408535
2019,9,Manhattan,17.45111031482988,0.18682320249665207
2019,9,N/A,59.017738231917335,0.3747175622992739
2019,9,Queens,41.45231570659754,0.1494686508445235
2019,9,Staten Island,66.72652173913043,0.08504266751971824
2019,9,Unknown,20.078069204880098,0.17225534987589006
2019,10,Bronx,27.3292313400949,0.01704471882014539
2019,10,Brooklyn,21.82080152524375,0.09877087944240869
2019,10,EWR,92.78159817351597,0.17477732944178936
2019,10,Manhattan,17.444475642564562,0.18838154818950265
2019,10,N/A,61.62939249553306,0.2351123213015645
2019,10,Queens,41.02938086720771,0.12519020711075385
2019,10,Staten Island,64.94639511201629,0.036482719240860065
2019,10,Unknown,20.397101323407774,0.17558595025188814
2019,11,Bronx,26.624643456602957,0.016086451704569273
2019,11,Brooklyn,21.21895289091982,0.10364709792580462
2019,11,EWR,94.22732758620688,0.17356757107337398
2019,11,Manhattan,17.22659798356202,0.1906215954104337
2019,11,N/A,62.27724806201551,3.757123495866356
2019,11,Queens,40.2867138743662,0.17844133949082325
2019,11,Staten Island,58.431768558951966,0.0159885242915525
2019,11,Unknown,19.835959864603485,0.17596825889385756
2019,12,Bronx,27.337373978362542,0.014117247590888263
2019,12,Brooklyn,21.680745773399423,0.09875170091167189
2019,12,EWR,98.10501901140684,0.3177123512522817
2019,12,Manhattan,17.32205990020442,0.18926318546858997
2019,12,N/A,59.94177534246577,3.0643953422618
2019,12,Queens,40.10055723847024,0.12988367023701708
2019,12,Staten Island,61.82616161616161,0.16529121260234306
2019,12,Unknown,20.097798072805137,0.1751078580047599
2020,1,Bronx,27.51326168775223,0.013099080915221092
2020,1,Brooklyn,21.58241502265881,0.0949019888278482
2020,1,EWR,96.36157575757575,0.12925156987078548
2020,1,Manhattan,16.441166061623676,0.1966895741179173
2020,1,N/A,58.661347047113466,0.33026163996748137
2020,1,Queens,39.4593175281787,0.12089765881062672
2020,1,Staten Island,63.357965738758026,0.05013974102743618
2020,1,Unknown,19.463511131372996,0.18157257316399905
2020,2,Bronx,27.726138356164384,0.014648552310756548
2020,2,Brooklyn,21.487233082178545,0.10482527527132152
2020,2,EWR,95.18484276729559,0.15051182949852654
2020,2,Manhattan,16.631193319083195,0.19881782366994363
2020,2,N/A,57.36735885788448,0.4279261364473258
2020,2,Queens,39.29010321573021,0.12403015148774414
2020,2,Staten Island,66.49302670623146,0.019625318180810654
2020,2,Unknown,19.29801312089972,0.18231114691997058
2020,3,Bronx,21.725952936600546,0.014360579506916892
2020,3,Brooklyn,19.524957472148735,0.09692002456250001
2020,3,EWR,81.62372093023255,0.1343715562779789
2020,3,Manhattan,16.728373010932224,0.1959770194135553
2020,3,N/A,44.079551104972374,0.17020161921791044
2020,3,Queens,35.7656692991456,0.17065359215713288
2020,3,Staten Island,70.90712328767124,0.014038238598888635
2020,3,Unknown,18.599924337239734,0.18252752549896387
2020,4,Bronx,25.544488884271765,0.09494410103589224
2020,4,Brooklyn,24.02248876845183,0.11375580527512667
2020,4,EWR,28.816666666666663,0.0
2020,4,Manhattan,15.026615869163715,0.16552078412528712
2020,4,N/A,41.88230483271375,0.04086772368096265
2020,4,Queens,29.559733456535646,0.0978478096914068
2020,4,Staten Island,78.7063309352518,0.032748304259521056
2020,4,Unknown,13.988664281454982,0.16449763355265593
2020,5,Bronx,26.919563523377395,0.06434336495873542
2020,5,Brooklyn,26.388608723540735,0.08727742919203058
2020,5,EWR,86.38,0.1482522552082063
2020,5,Manhattan,16.236650805449074,0.15637523792575816
2020,5,N/A,52.96042194092827,0.04635246573173013
2020,5,Queens,31.461331008100814,0.0796521141183195
2020,5,Staten Island,75.38008438818567,0.025251990932280827
2020,5,Unknown,14.606453344343516,0.15168242269223184
2020,6,Bronx,32.33864398962237,0.08323499719841601
2020,6,Brooklyn,30.99558341522173,0.10527906189817071
2020,6,EWR,60.50899999999999,0.16683907086572855
2020,6,Manhattan,16.210021202893188,0.17331404630225747
2020,6,N/A,53.181904761904754,0.06571404606917726
2020,6,Queens,37.91496792002388,0.10828899369284363
2020,6,Staten Island,78.0432212160414,0.017063480635651822
2020,6,Unknown,18.746773477939364,0.15399561779398988
2020,7,Bronx,35.14532649437759,0.08024226916607088
2020,7,Brooklyn,34.054272266473575,0.17712733959833862
2020,7,EWR,83.21909090909091,0.09876922035745567
2020,7,Manhattan,16.177596843904887,0.17809254825659543
2020,7,N/A,54.6016129032258,0.19810141488565292
2020,7,Queens,38.9615289108948,0.10738726614258501
2020,7,Staten Island,82.49684210526316,0.04640237079312789
2020,7,Unknown,17.342705122559813,0.16134520633571092
2020,8,Bronx,34.846736747452255,0.08584214321826829
2020,8,Brooklyn,32.54897912141495,0.10125336982488733
2020,8,EWR,64.63312499999999,0.11787614317618067
2020,8,Manhattan,16.22908309008199,0.18319326218037793
2020,8,N/A,51.974075235109716,0.09659271162822426
2020,8,Queens,39.23500873006635,0.10736611091585425
2020,8,Staten Island,82.18794285714286,0.04423220088792873
2020,8,Unknown,18.587216191066997,0.17370088483154675
2020,9,Bronx,31.1968958466966,0.10749857232616071
2020,9,Brooklyn,28.579062761165126,0.12130589163365038
2020,9,EWR,78.1525,0.14237895377128953
2020,9,Manhattan,15.927988859502593,0.19527433724362414
2020,9,N/A,31.288415090892485,0.008054393482368494
2020,9,Queens,37.83038464737193,0.1152633508959835
2020,9,Staten Island,87.9882697947214,0.041378720773787694
2020,9,Unknown,18.198499876329457,0.1826502772356291
2020,10,Bronx,31.13479892360592,0.10948565448306456
2020,10,Brooklyn,28.48627880421557,0.12610591063423002
2020,10,EWR,70.43785714285715,0.11807433783108445
2020,10,Manhattan,16.585457577491574,0.20461516904662205
2020,10,N/A,31.228735489523253,0.003912457998870267
2020,10,Queens,37.363602407591685,0.115027928201937
2020,10,Staten Island,83.28942350332593,0.09983896060227376
2020,10,Unknown,18.235545435289133,0.1831812357750265
2020,11,Bronx,31.558600090635686,0.11253377149559408
2020,11,Brooklyn,28.788783261001903,0.12654819226152816
2020,11,EWR,57.55217391304347,0.08270573096372799
2020,11,Manhattan,15.822850575505997,0.2012008689988792
2020,11,N/A,30.50028292323288,0.009421213895882947
2020,11,Queens,37.05396409509946,0.11530650439789132
2020,11,Staten Island,78.11599056603775,0.056568750132145476
2020,11,Unknown,17.735677148370982,0.1886251153294328
2020,12,Bronx,31.26955473319804,0.11069513994409433
2020,12,Brooklyn,28.70518507908576,0.12389015112850273
2020,12,EWR,65.64428571428572,0.07179527852568389
2020,12,Manhattan,15.713492371652727,0.20062974653024412
2020,12,N/A,30.52862759177812,0.006541692814862079
2020,12,Queens,37.23308193693099,0.11517306932751051
2020,12,Staten Island,79.92057591623036,0.05574491563527256
2020,12,Unknown,18.411625770308124,0.18471938208376848
2021,1,Bronx,31.504422243322466,0.07139758464346654
2021,1,Brooklyn,29.058896383776563,0.0895350027284588
2021,1,EWR,73.05,0.08627939895470384
2021,1,Manhattan,15.345512869214543,0.2033784192481893
2021,1,N/A,29.800520059435364,0.2006297238488678
2021,1,Queens,40.34673417036349,0.11176408519853301
2021,1,Staten Island,83.94818548387096,0.03435983714488381
2021,1,Unknown,18.85821306624175,0.18603454389190463
2021,2,Bronx,31.88027572456721,0.032215055821242775
2021,2,Brooklyn,29.626662594673835,0.053420453462352926
2021,2,EWR,78.26625,0.1231596660935038
2021,2,Manhattan,15.786290563167956,0.2053424997438481
2021,2,N/A,35.722585975566695,0.005698119951177049
2021,2,Queens,39.44225220535069,0.10266234286505846
2021,2,Staten Island,84.77577102803738,0.03848292826551562
2021,2,Unknown,18.20928709055877,0.1905762065552908
2021,3,Bronx,31.41119201995013,0.022061560750679245
2021,3,Brooklyn,29.760516787419874,0.0482585245650538
2021,3,EWR,85.23266666666667,0.12201157113540968
2021,3,Manhattan,15.838081345137786,0.20493929432573935
2021,3,N/A,37.542469879518066,0.003527649458392077
2021,3,Queens,40.835715007129274,0.10684626972527901
2021,3,Staten Island,81.03428286852589,0.04693836103246521
2021,3,Unknown,18.426679925128685,0.18657687508971726
2021,4,Bronx,31.58591089323048,0.019556278266293102
2021,4,Brooklyn,30.285775010029543,0.04958116876508094
2021,4,EWR,96.55105263157895,0.19652660039397613
2021,4,Manhattan,16.392566549434672,0.2064070490140598
2021,4,N/A,41.97343801652893,0.008615368658801935
2021,4,Queens,43.82954738905331,0.11823128563353737
2021,4,Staten Island,81.71987394957983,0.06940921162584726
2021,4,Unknown,21.08043644716692,0.18828655078135748
2021,5,Bronx,32.12133416835831,0.01840609112651193
2021,5,Brooklyn,29.72243227968975,0.06992753714589005
2021,5,EWR,56.69444444444444,0.0755248201886936
2021,5,Manhattan,16.53162577995364,0.20685481107095627
2021,5,N/A,43.81785246177113,0.006397394624349879
2021,5,Queens,46.137479695637765,0.1307477465036675
2021,5,Staten Island,78.03814814814815,0.027266081372755532
2021,5,Unknown,22.49312028528323,0.1885836816913528
2021,6,Bronx,33.21850594952244,0.019983154856621756
2021,6,Brooklyn,29.751300274793905,0.09097427860006672
2021,6,EWR,93.63767441860465,0.1556897216563689
2021,6,Manhattan,16.981778869046817,0.2067524015200845
2021,6,N/A,48.676868557876496,0.013697133575615536
2021,6,Queens,47.379586092540364,0.1370085917242003
2021,6,Staten Island,84.89838942307694,0.028843658562029282
2021,6,Unknown,23.104287207229365,0.18823123513881382
2021,7,Bronx,34.22358500084076,0.02170735399899386
2021,7,Brooklyn,30.325643062037077,0.09754089967866275
2021,7,EWR,87.67939393939395,0.8695999508423243
2021,7,Manhattan,17.05429646224982,0.2067267532517021
2021,7,N/A,46.60211712543876,0.023543774589082057
2021,7,Queens,48.20524464782873,0.15359153285924415
2021,7,Staten Island,83.66270935960591,0.021517955875364665
2021,7,Unknown,25.275860704392556,0.18113303050385213
2021,8,Bronx,34.78916911214685,0.019461518714442752
2021,8,Brooklyn,30.613839353212935,0.10133801106271263
2021,8,EWR,85.64048387096774,0.20665395810923742
2021,8,Manhattan,17.0937140845493,0.20427240635417596
2021,8,N/A,49.54477091883742,0.020893122258067817
2021,8,Queens,48.66876911217301,0.13822815935777605
2021,8,Staten Island,88.35411764705881,0.01852369553204704
2021,8,Unknown,26.813414140308634,0.18621597679780932
2021,9,Bronx,34.51521372667068,0.02499331026847117
2021,9,Brooklyn,30.574826014066076,0.11003131399006193
2021,9,EWR,80.06657534246577,0.24010326497620138
2021,9,Manhattan,18.059713607660242,0.20535854938502784
2021,9,N/A,51.696719075144514,0.015353571163501266
2021,9,Queens,48.576217961888126,0.26357804110026023
2021,9,Staten Island,82.41137111517367,0.009114191312598325
2021,9,Unknown,26.922449110355362,0.18668459626786366
2021,10,Bronx,34.551877128878424,0.016020354388043317
2021,10,Brooklyn,29.349526570985258,0.10620862816490896
2021,10,EWR,95.36653061224492,1.0427804512650092
2021,10,Manhattan,17.659860651229828,0.20875357162968844
2021,10,N/A,49.27414436583615,0.052971056157330346
2021,10,Queens,48.49329753416575,0.15279246533144075
2021,10,Staten Island,87.45478899082569,0.02154290181036087
2021,10,Unknown,27.011110898734657,0.19473342482373995
2021,11,Bronx,34.81200161855948,0.01603671246978019
2021,11,Brooklyn,29.19255799630466,0.10839935527094438
2021,11,EWR,90.74341085271317,0.9847431756497254
2021,11,Manhattan,17.80118493303448,0.2115561304621119
2021,11,N/A,49.34221870311718,3.846401927878981
2021,11,Queens,49.606712356631526,0.17682769438619034
2021,11,Staten Island,82.25276951672862,0.051410060309934474
2021,11,Unknown,27.544331806900406,0.1923382311496731
2021,12,Bronx,34.47301896376567,0.0219872427046893
2021,12,Brooklyn,28.541892622264733,0.11189343983817497
2021,12,EWR,96.00006578947368,0.19624600362655806
2021,12,Manhattan,17.831859266138995,0.21151248860462374
2021,12,N/A,48.17673560555923,0.04337526265157111
2021,12,Queens,49.713464738895674,0.154258672438436
2021,12,Staten Island,80.2981767955801,0.010056284610698516
2021,12,Unknown,28.750755298927665,0.1895365326427542
2022,1,Bronx,26.384215238095244,0.0379823858357282
2022,1,Brooklyn,23.287033602087895,0.15310788939313796
2022,1,EWR,78.00938461538462,0.21087344533315028
2022,1,Manhattan,16.306232930144315,0.21858619092902246
2022,1,N/A,40.11077878482712,0.05126324421436665
2022,1,Queens,48.017477227499334,0.18843527172933858
2022,1,Staten Island,76.60724770642203,0.02912285455393482
2022,1,Unknown,25.6333983506301,0.19558721079482566
2022,2,Bronx,26.910219381915297,0.043491770585687345
2022,2,Brooklyn,23.847224634534665,0.15890691919213015
2022,2,EWR,102.61036585365852,0.3053732677259369
2022,2,Manhattan,16.892787871172114,0.21722613678279185
2022,2,N/A,44.30753846153846,0.03365570479299124
2022,2,Queens,49.275681750620905,0.16114004932120263
2022,2,Staten Island,65.24438356164384,0.02284293010854843
2022,2,Unknown,25.62375127102073,0.2003555585303505
2022,3,Bronx,27.590656704679514,0.049605383257553856
2022,3,Brooklyn,25.01927401464734,0.15695804868422233
2022,3,EWR,100.22346405228758,0.9338228196279778
2022,3,Manhattan,17.431748237235215,0.2191505641082086
2022,3,N/A,48.566540771540765,0.036694639520819056
2022,3,Queens,51.02409383748777,0.1672886242585002
2022,3,Staten Island,64.15379746835443,0.02586813975307138
2022,3,Unknown,28.13990224299598,0.20076300369000938
2022,4,Bronx,27.682997303464013,0.05402394747650584
2022,4,Brooklyn,25.807627885921228,0.16494520752258385
2022,4,EWR,97.70826291079813,0.7339527977229919
2022,4,Manhattan,17.924477594136437,0.2123460112915222
2022,4,N/A,50.13992238511765,0.04388641116329801
2022,4,Queens,51.84281472250418,0.17720963842956564
2022,4,Staten Island,63.36877551020409,0.016578493688452788
2022,4,Unknown,29.005827543931343,0.1934245016611806
2022,5,Bronx,27.66253389830508,0.06117451272489713
2022,5,Brooklyn,27.066895878199027,0.16745059229173628
2022,5,EWR,97.18509157509158,0.14092014369877884
2022,5,Manhattan,18.552263992901462,0.21056695688095942
2022,5,N/A,53.15216153735009,1.1306958367945192
2022,5,Queens,52.30988904111279,0.18700704308118704
2022,5,Staten Island,67.8631550802139,0.025740549333788904
2022,5,Unknown,30.893555194805195,0.19363051874437995
2022,6,Bronx,27.768507204610955,0.06509882342550613
2022,6,Brooklyn,27.179003400540875,0.16152719026579201
2022,6,EWR,110.47556390977444,0.16701963578268925
2022,6,Manhattan,18.66287536411161,0.21347208123323524
2022,6,N/A,53.44111143566525,0.05047252287729716
2022,6,Queens,52.77252018526935,0.1755899136792675
2022,6,Staten Island,70.38850746268656,0.03050271264371378
2022,6,Unknown,31.409672777505968,0.19041350126617398
2022,7,Bronx,27.369711790393012,0.06216911458934868
2022,7,Brooklyn,26.0719537216086,0.18905455510229136
2022,7,EWR,100.57507936507938,0.17289748784624573
2022,7,Manhattan,17.82917993600041,0.20798411621972698
2022,7,N/A,49.961138574390056,0.02517109331347229
2022,7,Queens,51.648413351153145,0.1576793267329407
2022,7,Staten Island,69.39336244541485,0.019663629399332045
2022,7,Unknown,29.646042134164052,0.18990006186651237
2022,8,Bronx,28.88851994851995,0.05464783791209975
2022,8,Brooklyn,26.664340178969383,0.1521574865932638
2022,8,EWR,100.87965174129351,0.424125050535925
2022,8,Manhattan,17.80258413915213,0.21688120920726192
2022,8,N/A,51.137897480451784,0.04305946818192062
2022,8,Queens,50.88612154211227,0.22466127662399799
2022,8,Staten Island,69.94170854271356,0.017167549948677058
2022,8,Unknown,30.397700830356275,0.18748674421437952
2022,9,Bronx,28.890988491574184,0.048662384119509475
2022,9,Brooklyn,27.50504989772516,0.1601003553126755
2022,9,EWR,107.92059071729958,0.1380879866009522
2022,9,Manhattan,18.8995051791651,0.21039413237751267
2022,9,N/A,82.48063241106719,0.39876462219459013
2022,9,Queens,52.77717275435021,0.16149083551343932
2022,9,Staten Island,64.33924999999999,0.022862687847329196
2022,9,Unknown,31.409146417445484,0.1926705350389094
2022,10,Bronx,28.235075741412416,1.3395647017211856
2022,10,Brooklyn,27.219476909239116,0.32845228592618325
2022,10,EWR,103.22810606060605,0.16280278814107904
2022,10,Manhattan,18.586693840699485,0.2141330359464331
2022,10,N/A,56.57906406325642,0.07000814439778069
2022,10,Queens,52.85855061310503,0.16917622864754556
2022,10,Staten Island,59.176747572815536,0.017624008480505483
2022,10,Unknown,31.23689230103806,0.19803444109038157
2022,11,Bronx,27.407911342894394,0.050192112706534085
2022,11,Brooklyn,27.007750514942362,0.15967929361307825
2022,11,EWR,105.59041666666666,0.38504729028619744
2022,11,Manhattan,18.403356059228734,0.21314666718080008
2022,11,N/A,55.99286389413989,0.0340550775575516
2022,11,Queens,52.237420175712465,0.2351838655454871
2022,11,Staten Island,53.51127659574468,0.01465258852411169
2022,11,Unknown,31.33380095977037,0.2012884501725605
2022,12,Bronx,29.79932959734329,0.05855713099100237
2022,12,Brooklyn,30.02143135093067,0.14983193749969703
2022,12,EWR,110.16192893401016,0.4024955517552882
2022,12,Manhattan,20.557356028068224,0.21233412904094676
2022,12,N/A,71.19848605577688,0.2849311777388153
2022,12,Queens,57.64052374092555,0.15806551178968137
2022,12,Staten Island,63.83329824561403,0.013256678171362194
2022,12,Unknown,34.97073066227212,0.19425873006053124
2023,1,Bronx,31.752745049504952,0.030613215336203137
2023,1,Brooklyn,30.19070520136964,0.14116658898086684
2023,1,EWR,105.32249999999999,0.11857022936632475
2023,1,Manhattan,22.423617486960573,0.21174664327592851
2023,1,N/A,76.09247104247105,0.1706514137125755
2023,1,Queens,66.21139502955832,0.20311846317215343
2023,1,Staten Island,59.6722909090909,0.041357379675086466
2023,1,Unknown,38.29709519365376,0.19606737695226117
2023,2,Bronx,31.143484626647144,0.05157506130832421
2023,2,Brooklyn,29.532108915741347,0.14349857550400286
2023,2,EWR,85.30705882352942,0.12689244759849788
2023,2,Manhattan,22.723360672288194,0.21163745193078265
2023,2,N/A,53.485099067599066,0.10409642475202155
2023,2,Queens,66.75806578422399,0.15788881712244443
2023,2,Staten Island,64.47097435897437,0.01443844842506705
2023,2,Unknown,33.34887732005432,0.1988648034185305
2023,3,Bronx,30.44170935703084,0.022294193436408226
2023,3,Brooklyn,30.44111087909794,0.13761816077630926
2023,3,EWR,105.90231578947368,0.13800332037878266
2023,3,Manhattan,23.168665796130643,0.21104814215925588
2023,3,N/A,53.31472077139414,3.1040730650443527
2023,3,Queens,68.22960614802156,0.22463768290922487
2023,3,Staten Island,58.88513392857142,0.03091902516680808
2023,3,Unknown,27.937809069547225,0.19752037702041966
2023,4,Bronx,31.91803199691596,0.034314163796375675
2023,4,Brooklyn,31.152507931207207,0.13425416698589412
2023,4,EWR,108.68053333333332,0.11175760596498056
2023,4,Manhattan,23.416257333932982,0.21087267364735918
2023,4,N/A,63.74736689254597,0.17662335524135517
2023,4,Queens,69.30875156399948,0.2101569706618973
2023,4,Staten Island,61.38028,0.014323550354003055
2023,4,Unknown,28.206383115422916,0.19613489595744468
2023,5,Bronx,33.832389109267936,0.032782533443298456
2023,5,Brooklyn,32.400209511646295,0.13281539668003292
2023,5,EWR,89.10267857142857,0.3820309172118612
2023,5,Manhattan,24.083016345462376,0.20745680677164283
2023,5,N/A,71.81430783242257,8.120268923872512
2023,5,Queens,69.70180256315008,0.1626653393464988
2023,5,Staten Island,65.5798,0.02724409729810748
2023,5,Unknown,29.30056084141411,0.195347405492883
2023,6,Bronx,33.18527385329978,0.04827475163303264
2023,6,Brooklyn,32.43776259553891,0.19791607489219712
2023,6,EWR,98.63629921259843,0.37891424591048495
2023,6,Manhattan,23.985675037816286,0.20809180347292644
2023,6,N/A,58.53029894490035,9.399348458818759
2023,6,Queens,70.23238173921392,0.20165626474038056
2023,6,Staten Island,70.84699152542373,0.025906505161792104
2023,6,Unknown,29.019342091897197,0.19704740832908055
2023,7,Bronx,32.88747899159664,0.03850081223835327
2023,7,Brooklyn,32.35594119989862,0.1313756650611471
2023,7,EWR,93.12723577235771,0.11330812361101612
2023,7,Manhattan,23.258829365423864,0.20813566227992375
2023,7,N/A,64.44129939209726,27.96529200130785
2023,7,Queens,68.91007394310097,0.2197115792432045
2023,7,Staten Island,63.577967032967024,0.016990283931174667
2023,7,Unknown,28.61054945054945,0.18948534597201236
2023,8,Bronx,33.21217793947412,0.03208159706739001
2023,8,Brooklyn,32.50198610471093,0.111960565549243
2023,8,EWR,93.28,0.14978219456680228
2023,8,Manhattan,23.310417674002895,0.208502364000914
2023,8,N/A,60.56931174089069,0.04545745141571161
2023,8,Queens,67.87981887628219,0.1506764736466371
2023,8,Staten Island,63.48880733944953,0.019978955846018602
2023,8,Unknown,28.458038022475904,0.18951203081608695
2023,9,Bronx,32.937629448314816,0.029544113255762942
2023,9,Brooklyn,33.27547447756081,0.12825787707515965
2023,9,EWR,90.40896103896104,0.1327634266292776
2023,9,Manhattan,24.626106449365242,0.20634297271253282
2023,9,N/A,65.14040802213002,0.07865666622568838
2023,9,Queens,70.25214513299916,0.1583782186449783
2023,9,Staten Island,54.256440677966104,0.06718904932023427
2023,9,Unknown,28.389121396526452,0.19480332608836584
2023,10,Bronx,32.604717311395056,0.027227111795721376
2023,10,Brooklyn,33.518386791560225,0.12983989456074427
2023,10,EWR,93.38739583333334,0.7638275759848614
2023,10,Manhattan,24.3501565097638,0.2090656367698778
2023,10,N/A,71.28374380165289,0.18745904841643865
2023,10,Queens,70.70129693364451,0.2249103339761211
2023,10,Staten Island,51.143902439024394,0.11886281957121259
2023,10,Unknown,29.085400706771193,0.19857689585879587
2023,11,Bronx,33.13835323471752,0.021640638884247155
2023,11,Brooklyn,32.596369343933425,0.12358832496608917
2023,11,EWR,95.81670886075949,0.5496290267816276
2023,11,Manhattan,24.04169143054004,0.2157007059019819
2023,11,N/A,63.4189878163074,0.2890645374576465
2023,11,Queens,70.03761445925667,0.1664370081853456
2023,11,Staten Island,49.20770833333333,0.06564131371457028
2023,11,Unknown,28.81323113860929,0.19862353693500168
2023,12,Bronx,33.452111280487806,0.013083490987401473
2023,12,Brooklyn,32.716269549763034,0.10556945278597825
2023,12,EWR,98.86274509803921,0.11004047460052545
2023,12,Manhattan,24.202020285991594,0.206059789939069
2023,12,N/A,66.38627757352941,0.19561893570711805
2023,12,Queens,69.6857982146771,0.16141563617650415
2023,12,Staten Island,49.0311320754717,0.41408415513792773
2023,12,Unknown,28.70568447877678,0.19767866484326746
2024,1,Bronx,33.975889235569426,0.010898694445637033
2024,1,Brooklyn,31.16779934835732,0.09054915830864495
2024,1,EWR,91.47120000000001,0.12126769812640027
2024,1,Manhattan,22.29571856153318,0.21496232458513456
2024,1,N/A,69.56813863928113,0.1147143935503867
2024,1,Queens,67.43988621371436,0.21292994392991846
2024,1,Staten Island,55.60592592592593,0.05500949551605732
2024,1,Unknown,27.117089452603476,0.20131547884861722
2024,2,Bronx,35.245940826549784,0.011491019207751568
2024,2,Brooklyn,30.650139465227294,0.08654271180806951
2024,2,EWR,87.98259259259258,0.09214638290633166
2024,2,Manhattan,22.587462207893978,0.21124964047169084
2024,2,N/A,70.43670068027211,0.14310020018018788
2024,2,Queens,67.45015356635318,0.1648300264361226
2024,2,Staten Island,46.6486274509804,0.05960389494934388
2024,2,Unknown,27.649881487984196,0.20750298945724416
2024,3,Bronx,33.31577252584933,0.009281690119108914
2024,3,Brooklyn,31.015465351912592,0.07115772463320554
2024,3,EWR,87.03843373493976,0.5328478633304006
2024,3,Manhattan,22.86051877471606,0.19624319565181242
2024,3,N/A,60.31382657869934,0.18844966789310352
2024,3,Queens,67.87081595959405,0.16976617668775074
2024,3,Staten Island,39.92758241758242,0.03477693899162758
2024,3,Unknown,28.599984250509547,0.20176719284355765
2024,4,Bronx,34.56812777620262,0.010962201461720347
2024,4,Brooklyn,31.12204977105316,0.06152786007851657
2024,4,EWR,91.39683673469388,0.20731064337317032
2024,4,Manhattan,23.143534522750628,0.19716484811347387
2024,4,N/A,66.74725925925927,0.14654647538809257
2024,4,Queens,67.95360645058238,0.1687216339823466
2024,4,Staten Island,40.74431578947368,0.022478999494698768
2024,4,Unknown,29.042287453367365,0.20402259567567457
2024,5,Bronx,35.47844770266814,0.011018071698199261
2024,5,Brooklyn,31.872358006626637,0.060162109674911944
2024,5,EWR,89.15651162790698,0.3777522331075534
2024,5,Manhattan,23.779564156220157,0.19532273757066076
2024,5,N/A,69.64258032128515,0.1421343739728491
2024,5,Queens,68.38612878078311,0.1599233069844255
2024,5,Staten Island,44.0686075949367,0.02487811666815607
2024,5,Unknown,29.7788534107402,0.19858285994278752
2024,6,Bronx,34.90713626910209,0.014452152740798741
2024,6,Brooklyn,31.46781470535988,0.058107009663538475
2024,6,EWR,105.79948453608246,0.3569918664648304
2024,6,Manhattan,23.43044689923126,0.19261801856344485
2024,6,N/A,78.6310068027211,0.17318910322114364
2024,6,Queens,68.20435221998318,0.15931236616266403
2024,6,Staten Island,42.09820895522388,0.023350043147011796
2024,6,Unknown,29.7617007495142,0.19981030490926954
2024,7,Bronx,36.2362381510278,0.01851229928313337
2024,7,Brooklyn,31.101730221279176,0.060253389455009077
2024,7,EWR,78.1140776699029,0.11283395714667133
2024,7,Manhattan,22.963339732920574,0.1948167832532492
2024,7,N/A,69.03738480697383,0.15119176284337318
2024,7,Queens,67.47910083759578,0.18489385547170903
2024,7,Staten Island,45.24529914529914,0.02574677791571005
2024,7,Unknown,31.71804929971989,0.19170834226571506
2024,8,Bronx,36.43420237104826,0.015359983069468916
2024,8,Brooklyn,31.147241214344092,0.0613403801500852
2024,8,EWR,93.1431617647059,0.10424644963632414
2024,8,Manhattan,22.92992884494529,0.1961282082525854
2024,8,N/A,72.27743309002433,0.13523427804852153
2024,8,Queens,66.6087954625018,0.15249299306491892
2024,8,Staten Island,43.59028776978417,0.024955006121760524
2024,8,Unknown,31.782699506108656,0.1896308271139302
2024,9,Bronx,35.85510389833419,0.016651394301357775
2024,9,Brooklyn,30.964611824665717,0.05268708771430965
2024,9,EWR,83.73174603174604,0.09307417990666869
2024,9,Manhattan,23.74712831358391,0.1896761972980087
2024,9,N/A,70.50102876106195,0.13565013913005033
2024,9,Queens,68.44688783470839,0.15725243469765143
2024,9,Staten Island,42.74490196078431,0.0102476226551565
2024,9,Unknown,31.859853273137695,0.19801268004156392
2024,10,Bronx,36.4052460232424,0.01859342640614645
2024,10,Brooklyn,30.844762080697055,0.060375495705732196
2024,10,EWR,87.94209677419354,1.2595808313598496
2024,10,Manhattan,23.788529164911903,0.19760017983140005
2024,10,N/A,81.21915094339622,0.35525005462126424
2024,10,Queens,68.91206087604088,0.17633000954492414
2024,10,Staten Island,42.25015306122448,0.007140396072397467
2024,10,Unknown,32.445657922132,0.1953371552421003
2024,11,Bronx,34.197827560552206,0.00871318408239783
2024,11,Brooklyn,29.792161560371877,0.04809842940219309
2024,11,EWR,81.91655172413793,0.14352278391247927
2024,11,Manhattan,23.463828677160123,0.2100012370849459
2024,11,N/A,74.34152086137281,3.7860829515913426
2024,11,Queens,67.35792410018306,0.18215197394638938
2024,11,Staten Island,35.97989130434783,0.02133876057414531
2024,11,Unknown,30.07740658609602,0.20050403331458602
2024,12,Bronx,34.32582459396751,0.01080231581088368
2024,12,Brooklyn,30.577335309720706,0.05937964846688725
2024,12,EWR,80.5924025974026,0.11384746331205778
2024,12,Manhattan,24.08505752926208,0.2026561326424394
2024,12,N/A,71.40181918412348,0.11783688147850044
2024,12,Queens,67.47806813935266,0.16240978907230158
2024,12,Staten Island,35.4691156462585,0.01541984963300049
2024,12,Unknown,29.629713132635256,0.20125801657587186
2025,1,Bronx,30.997727468118644,0.006331674823529448
2025,1,Brooklyn,26.95478056310017,0.04515102015788505
2025,1,EWR,85.58205128205128,0.74963393870929
2025,1,Manhattan,21.723676614386633,0.20596408633024219
2025,1,N/A,71.23694859038143,7.298549303080189
2025,1,Queens,65.32928443168757,0.15433113345989286
2025,1,Staten Island,35.07436440677966,0.010879574775357816
2025,1,Unknown,27.75155134647597,0.21558844733236215
2025,2,Bronx,29.797224680313118,0.0030641950591112324
2025,2,Brooklyn,26.398415376479008,0.031638218500236626
2025,2,EWR,83.78184210526315,0.10604967487896938
2025,2,Manhattan,21.841665322927156,0.1976458407363601
2025,2,N/A,68.990938697318,0.14100239953216834
2025,2,Queens,58.75669572994289,0.14346509859478768
2025,2,Staten Island,37.8913829787234,0.013442322172461644
2025,2,Unknown,26.8623240129268,0.21296404250467335
2025,3,Bronx,29.56628752118131,0.0040900019156712335
2025,3,Brooklyn,27.3608356752065,0.029407819106493607
2025,3,EWR,101.85033333333334,0.12103501227134233
2025,3,Manhattan,22.603721072018793,0.1944138039582084
2025,3,N/A,69.78947214076246,0.16936048344209467
2025,3,Queens,59.61011751299575,0.17219281880482867
2025,3,Staten Island,38.11566831683168,0.013885150494770127
2025,3,Unknown,30.23100690607735,0.20807708178693213
2025,4,Bronx,29.0819391373197,0.005856867497933128
2025,4,Brooklyn,26.910022990700302,0.031016132592787113
2025,4,EWR,97.7858064516129,0.12582892967516182
2025,4,Manhattan,22.880751427273815,0.20121212210756953
2025,4,N/A,75.53354362416107,0.09084273791004813
2025,4,Queens,60.863001872690305,0.14528942896577904
2025,4,Staten Island,38.96869281045752,0.01398164085817874
2025,4,Unknown,31.790490139211137,0.20928798774153656
2025,5,Bronx,27.089959446119366,0.006426028423931708
2025,5,Brooklyn,25.255342727328888,0.02788014868414515
2025,5,EWR,91.201875,0.15504375146903884
2025,5,Manhattan,23.11771003608886,0.18767526919992644
2025,5,N/A,82.14728540772532,0.23417279584805548
2025,5,Queens,59.822189109003105,0.14064681836590923
2025,5,Staten Island,36.043894736842105,0.012240927037163292
2025,5,Unknown,33.67255602240897,0.20636237496008106
2025,6,Bronx,30.398031296317416,0.006809788267050412
2025,6,Brooklyn,28.18727967737414,0.025063737535698995
2025,6,EWR,93.96181818181817,0.10793269251698155
2025,6,Manhattan,23.398381891763112,0.18162133874323774
2025,6,N/A,73.31157775255392,0.1841299821402642
2025,6,Queens,59.46511102270584,0.13593486450782838
2025,6,Staten Island,41.67751662971175,0.006566099681453882
2025,6,Unknown,32.79907440427946,0.2033881328161145
2025,7,Bronx,29.315145335208626,0.007056781562077435
2025,7,Brooklyn,27.36668322106441,0.023535737037902314
2025,7,EWR,84.22583333333331,0.10072597010527379
2025,7,Manhattan,22.87734199508581,0.18147038898493387
2025,7,N/A,79.11965150048404,0.07700192613248372
2025,7,Queens,57.02857228017158,0.12842799853327136
2025,7,Staten Island,36.106339285714284,0.008084691924191022
2025,7,Unknown,32.1600925440894,0.20099063933738098
2025,8,Bronx,28.324397283531415,0.006796283695785016
2025,8,Brooklyn,25.148823447776504,0.031850120065696604
2025,8,EWR,80.60642857142857,0.45269042567575923
2025,8,Manhattan,22.13505446005406,0.1853221711122153
2025,8,N/A,77.70994818652851,0.13064315080676767
2025,8,Queens,57.05399750712251,0.13071374426890675
2025,8,Staten Island,34.77905660377358,0.029083691107935628
2025,8,Unknown,32.02536027070064,0.20073815615969043
